,Unnamed: 0,OBJECTID,X,Y,LATIN_NAME,COMMON_NAME,FULL_COMMON_NAME,TREE_SPECIES,DBH,tree_group,CROWN_AREA_COMPLETE,CROWN_VOLUME,DISTANCE_TO_SENSOR
93,3867,26613290,362930.22,175834.3,Fraxinus excelsior,Ash,Common ash,Fraxinus excelsior,0.63,deciduous,285.933966964309,2287.471735714472,244.33644509158694
94,3868,26613291,362925.75,175831.44,Fraxinus excelsior,Ash,Common ash,Fraxinus excelsior,0.73,deciduous,354.4432860877336,2835.5462887018684,241.44012943171052
95,3869,26613292,362919.06,175827.37,Sambucus nigra,Elder,Elder,Sambucus nigra,0.2483333333333333,deciduous,36.1595549228223,96.4254797941928,237.4714309132739
96,3870,26613293,362913.55,175824.4,Fraxinus excelsior,Ash,Common ash,Fraxinus excelsior,0.3592134831460674,deciduous,101.5422573046714,406.1690292186855,234.73040386792155
97,3871,26613294,362898.67,175812.16,Fraxinus excelsior,Ash,Common ash,Fraxinus excelsior,0.3592134831460674,deciduous,101.5422573046714,665.5127523413325,223.8347481960798
98,3876,26613299,362907.81,175819.98,Acer platanoides,Maple,Norway maple,Acer platanoides,0.1,deciduous,8.258969412236617,27.529898040788723,230.6982368810063
99,4762,26614198,363044.65,175456.66,Tilia x europea,Lime,European lime,Tilia x europea,0.41,deciduous,60.05,280.2333333333333,178.48635269959604
100,4763,26614199,363035.34,175443.46,Tilia x europea,Lime,European lime,Tilia x europea,0.37,deciduous,60.05,320.26666666666665,182.83655870751886
101,4764,26614200,363023.91,175437.95,Ginkgo biloba,Gingko,Maidenhair tree,Ginkgo biloba,0.05,deciduous,10.0,20.0,180.84681528849615
102,4765,26614201,362976.48,175424.83,Tilia x europea,Lime,European lime,Tilia x europea,0.32,deciduous,60.05,320.26666666666665,172.71178101103106
301,9485,26619002,363056.32,175357.11,Platanus x acerifolia,Plane,London plane,Platanus x acerifolia,0.51,deciduous,150.05,1000.3333333333331,266.8727309037181
302,9486,26619003,363060.4,175377.01,Tilia x europea,Lime,European lime,Tilia x europea,0.42,deciduous,60.05,280.2333333333333,251.8493599356613
303,9487,26619004,363051.8,175379.25,Tilia x europea,Lime,European lime,Tilia x europea,0.39,deciduous,60.05,320.26666666666665,245.44083299238756
304,9488,26619005,363062.44,175387.41,Platanus x acerifolia,Plane,London plane,Platanus x acerifolia,0.49,deciduous,150.05,1100.3666666666668,244.2510628431312
305,9489,26619006,363064.55,175397.73,Tilia x europea,Lime,European lime,Tilia x europea,0.31,deciduous,60.05,280.2333333333333,236.98914616495148
306,9490,26619007,363066.65,175408.26,Platanus x acerifolia,Plane,London plane,Platanus x acerifolia,0.48,deciduous,150.05,1000.3333333333331,229.80828988529365
307,9491,26619008,363068.62,175418.21,Platanus x acerifolia,Plane,London plane,Platanus x acerifolia,0.6,deciduous,150.05,1000.3333333333331,223.27621570602068
308,9492,26619009,363060.15,175419.8,Tilia x europea,Lime,European lime,Tilia x europea,0.37,deciduous,60.05,280.2333333333333,216.71239581530682
309,9493,26619010,363064.86,175443.39,Tilia x europea,Lime,European lime,Tilia x europea,0.37,deciduous,60.05,280.2333333333333,201.93214627689179
310,9494,26619011,363072.84,175439.06,Platanus x acerifolia,Plane,London plane,Platanus x acerifolia,0.56,deciduous,150.05,1100.3666666666668,210.58221482358908
319,10380,26619903,362820.21,175492.98,Platanus x acerifolia,Plane,London plane,Platanus x acerifolia,0.5775173928963749,deciduous,196.3076778986982,785.2307115947926,143.5423439267784
320,10402,26619926,362695.53,175438.09,Tilia x europea,Lime,European lime,Tilia x europea,0.48,deciduous,60.05,400.3333333333333,276.03092036941837
321,10403,26619927,362938.99,175598.77,Prunus Kanzan,Cherry,Kanzan cherry,Prunus Kanzan,0.06,deciduous,3.5711940284285486,5.939568080153556,15.673321281705874
322,10404,26619928,362942.77,175600.77,Prunus - Species Unknown,Cherry,Unidentified cherry,Prunus - Species Unknown,0.17,deciduous,60.05,200.16666666666663,19.930524328285973
323,10405,26619929,362948.44,175604.55,Prunus Kanzan,Cherry,Kanzan cherry,Prunus Kanzan,0.14,deciduous,60.05,200.16666666666663,26.744272283981964
324,10406,26619930,362951.27,175606.68,Prunus Kanzan,Cherry,Kanzan cherry,Prunus Kanzan,0.16,deciduous,10.0,26.666666666666664,30.27862777605201
325,10407,26619931,363175.43,175735.58,Platanus x acerifolia,Plane,London plane,Platanus x acerifolia,0.6900000000000001,deciduous,150.05,1400.4666666666667,288.80592324256924
326,10442,26619966,362898.19,175550.54,Platanus x acerifolia,Plane,London plane,Platanus x acerifolia,0.5775173928963749,deciduous,10.0,40.0,48.2751250645633
327,10443,26619967,362891.95,175547.0,Platanus x acerifolia,Plane,London plane,Platanus x acerifolia,0.5775173928963749,deciduous,10.0,40.0,54.84890609665071
328,10444,26619968,362885.36,175541.6,Platanus x acerifolia,Plane,London plane,Platanus x acerifolia,0.5775173928963749,deciduous,10.0,40.0,63.19944303552502
329,10445,26619969,362875.58,175534.64,Platanus x acerifolia,Plane,London plane,Platanus x acerifolia,0.5775173928963749,deciduous,196.3076778986982,785.2307115947926,74.87927617169392
330,10446,26619970,362865.23,175528.18,Platanus x acerifolia,Plane,London plane,Platanus x acerifolia,0.5775173928963749,deciduous,196.3076778986982,785.2307115947926,86.68739989181316
331,10447,26619971,362854.9,175521.3,Platanus x acerifolia,Plane,London plane,Platanus x acerifolia,0.5775173928963749,deciduous,196.3076778986982,654.3589263289939,98.86809394338644
332,10448,26619972,362842.81,175514.66,Platanus x acerifolia,Plane,London plane,Platanus x acerifolia,0.5775173928963749,deciduous,196.3076778986982,785.2307115947926,112.23498429634078
333,10449,26619973,362832.62,175507.83,Platanus x acerifolia,Plane,London plane,Platanus x acerifolia,0.5775173928963749,deciduous,196.3076778986982,523.4871410631952,124.38542237739507
454,27543,26637226,363118.56,175729.2,X Cupressocyparis l. Castlewel,Cypress,Leylandcypress cultivar,X Cupressocyparis l. Castlewel,0.41,evergreen,60.05,200.16666666666663,237.60470029021383
455,27544,26637227,363055.75,175803.45,Malus John Downie,Apple,Crabapple,Malus John Downie,0.18,deciduous,10.0,26.666666666666664,249.7918433416211
456,27545,26637228,363072.87,175790.07,Acer campestre,Field Maple,Field maple,Acer campestre,0.17,deciduous,60.05,200.16666666666663,248.19105906539306
457,27546,26637230,363095.22,175752.71,Morus nigra,Mulberry,Black mulberry,Morus nigra,0.15,deciduous,60.05,240.2,234.7550904666135
458,27547,26637231,363113.81,175743.2,Aesculus hippocastanum,Horse Chestnut,Horse chestnut,Aesculus hippocastanum,0.29,deciduous,60.05,280.2333333333333,242.36921442295986
459,27548,26637232,363118.31,175725.58,X Cupressocyparis l. Castlewel,Cypress,Leylandcypress cultivar,X Cupressocyparis l. Castlewel,0.27,evergreen,60.05,200.16666666666663,235.29783785661022
460,27549,26637233,363120.96,175723.77,Chamaecyparis lawsoniana cv,Cypress,Lawson's cypress cultivar,Chamaecyparis lawsoniana cv,0.25,evergreen,60.05,160.13333333333333,236.43987502112532
461,27550,26637234,363099.75,175723.29,Prunus avium,Cherry,Wild cherry,Prunus avium,0.36,deciduous,60.05,320.26666666666665,218.98695531926595
462,27551,26637236,363112.89,175717.62,Prunus cerasifera Pissardii,Plum,Cherry plum,Prunus cerasifera Pissardii,0.05,deciduous,10.0,26.666666666666664,226.30673100905338
463,27552,26637237,363109.15,175711.11,Corylus colurna,Hazel,Turkish hazel,Corylus colurna,0.06,deciduous,10.0,33.33333333333333,219.5712973045547
464,27553,26637238,363106.5,175714.97,Prunus - Species Unknown,Cherry,Unidentified cherry,Prunus - Species Unknown,0.09,deciduous,10.0,26.666666666666664,219.53986175635688
465,27554,26637239,363104.93,175711.71,Prunus cerasifera Pissardii,Plum,Cherry plum,Prunus cerasifera Pissardii,0.04,deciduous,10.0,20.0,216.4007139544496
466,27555,26637240,363103.12,175702.91,Tilia cordata,Lime,Small-leaved lime,Tilia cordata,0.88,deciduous,150.05,1300.4333333333334,210.04800046655797
467,27556,26637241,363096.62,175701.47,Fagus sylvatica Pendula,Weeping Beech,Weeping beech,Fagus sylvatica Pendula,0.3,deciduous,60.05,320.26666666666665,203.8056557115103
468,27557,26637242,363076.37,175688.81,Quercus ilex,Oak,Holm oak,Quercus ilex,0.84,deciduous,150.05,1200.4,179.92930000419094
469,27558,26637243,363055.87,175715.93,Betula pendula,Silver Birch,Silver birch,Betula pendula,0.21,deciduous,60.05,480.3999999999999,180.89936926367938
470,27559,26637244,363053.1,175725.82,Betula pendula,Silver Birch,Silver birch,Betula pendula,0.14,deciduous,60.05,400.3333333333333,186.01473705057882
471,27560,26637245,363052.13,175729.8,Acer platanoides,Maple,Norway maple,Acer platanoides,0.17,deciduous,60.05,200.16666666666663,188.28918423530843
472,27561,26637246,363037.67,175733.66,Betula pendula,Silver Birch,Silver birch,Betula pendula,0.11,deciduous,60.05,240.2,181.95709521751925
473,27562,26637247,363033.81,175732.69,Betula pendula,Silver Birch,Silver birch,Betula pendula,0.13,deciduous,60.05,240.2,178.83912379566212
474,27563,26637248,363029.24,175731.61,Betula pendula,Silver Birch,Silver birch,Betula pendula,0.11,deciduous,60.05,240.2,175.24808044596128
475,27564,26637249,363024.05,175730.28,Betula pendula,Silver Birch,Silver birch,Betula pendula,0.1,deciduous,10.0,33.33333333333333,171.1498784691283
476,27565,26637250,363000.67,175732.33,Sorbus - Species Unknown,Sorbus,Unidentified Sorbus,Sorbus - Species Unknown,0.1,deciduous,10.0,20.0,160.72783766352958
477,27566,26637251,363001.88,175728.78,Mixed Species Group,,,Mixed Species Group,0.305455333429082,deciduous,79.50364575536493,212.00972201430648,158.16972782425967
478,27567,26637252,362991.99,175789.1,Platanus x acerifolia,Plane,London plane,Platanus x acerifolia,0.19,deciduous,60.05,360.3,209.7510193062267
479,27568,26637253,363017.3,175803.33,Fraxinus excelsior,Ash,Common ash,Fraxinus excelsior,0.07,deciduous,60.05,160.13333333333333,232.04607064113887
480,27569,26637254,363036.71,175796.7,Prunus cerasifera Pissardii,Plum,Cherry plum,Prunus cerasifera Pissardii,0.15,deciduous,60.05,200.16666666666663,234.48154319692085
481,27570,26637255,363035.62,175811.04,Acer campestre,Field Maple,Field maple,Acer campestre,0.15,deciduous,60.05,200.16666666666663,246.72905382220915
482,27571,26637256,363046.47,175810.8,Prunus - Species Unknown,Cherry,Unidentified cherry,Prunus - Species Unknown,0.1,deciduous,60.05,240.2,251.52666041592516
483,27572,26637257,363050.57,175807.3,Mixed Species Group,,,Mixed Species Group,0.19,deciduous,60.05,160.13333333333333,250.4735013928553
484,27573,26637258,363051.29,175802.73,Malus John Downie,Apple,Crabapple,Malus John Downie,0.17,deciduous,60.05,160.13333333333333,246.8838532589752
485,27574,26637259,363019.83,175729.8,Betula pendula,Silver Birch,Silver birch,Betula pendula,0.1,deciduous,10.0,33.33333333333333,168.36896655856685
486,27575,26637260,363034.05,175808.38,Acer campestre,Field Maple,Field maple,Acer campestre,0.15,deciduous,60.05,240.2,243.6485725383991
487,27576,26637261,363105.36,175747.64,Acer pseudoplatanus,Sycamore,Sycamore,Acer pseudoplatanus,0.11,deciduous,10.0,20.0,238.78940344998435
488,27577,26637262,363112.4,175712.44,Acer platanoides,Maple,Norway maple,Acer platanoides,0.06,deciduous,10.0,33.33333333333333,223.01684600049666
489,27578,26637263,363082.51,175698.1,Betula pendula,Silver Birch,Silver birch,Betula pendula,0.08,deciduous,10.0,20.0,190.21301243606908
490,27579,26637264,363052.13,175732.57,Acer campestre,Field Maple,Field maple,Acer campestre,0.13,deciduous,60.05,200.16666666666663,190.3548838354382
491,27684,26637370,363121.69,175721.72,Chamaecyparis lawsoniana cv,Cypress,Lawson's cypress cultivar,Chamaecyparis lawsoniana cv,0.27,evergreen,60.05,200.16666666666663,235.89136164768988
492,27685,26637371,363107.7,175738.83,Acer pseudoplatanus,Sycamore,Sycamore,Acer pseudoplatanus,0.08,deciduous,10.0,20.0,234.87285688218728
661,34274,26644018,362917.58,175437.41,Fraxinus excelsior,Ash,Common ash,Fraxinus excelsior,0.23,deciduous,47.18599756762115,377.4879805409692,152.8221335409196
662,34275,26644019,363007.81,175489.87,Viburnum tinus,Viburnam,Viburnum,Viburnum tinus,0.14,deciduous,47.5375,174.30416666666667,129.30155838194895
663,34280,26644024,363209.28,175531.27,Tilia - Species Unknown,Lime,Unidentified lime,Tilia - Species Unknown,0.4169710075284318,deciduous,112.41959917091911,599.5711955782352,289.3039427661107
664,34285,26644029,363217.76,175531.99,Tilia - Species Unknown,Lime,Unidentified lime,Tilia - Species Unknown,0.4169710075284318,deciduous,112.41959917091911,599.5711955782352,297.471103974834
665,34286,26644030,363211.7,175530.48,Sambucus nigra,Elder,Elder,Sambucus nigra,0.2483333333333333,deciduous,36.1595549228223,192.8509595883856,291.8340631249296
666,34287,26644031,363204.26,175529.75,Tilia - Species Unknown,Lime,Unidentified lime,Tilia - Species Unknown,0.4169710075284318,deciduous,112.41959917091911,599.5711955782352,284.70807874032164
667,34288,26644032,363196.63,175529.47,Tilia - Species Unknown,Lime,Unidentified lime,Tilia - Species Unknown,0.4169710075284318,deciduous,112.41959917091911,599.5711955782352,277.3165660396118
668,34289,26644033,363187.39,175528.65,Tilia - Species Unknown,Lime,Unidentified lime,Tilia - Species Unknown,0.4169710075284318,deciduous,112.41959917091911,599.5711955782352,268.4931183475808
669,34290,26644034,363143.6,175524.31,Prunus - Species Unknown,Cherry,Unidentified cherry,Prunus - Species Unknown,0.214763121226196,deciduous,42.83990504852654,285.5993669901769,227.29922151206364
670,34291,26644035,363136.22,175522.8,Prunus - Species Unknown,Cherry,Unidentified cherry,Prunus - Species Unknown,0.214763121226196,deciduous,42.83990504852654,228.47949359214152,220.6995432709135
671,34292,26644036,363133.37,175522.49,Fraxinus excelsior,Ash,Common ash,Fraxinus excelsior,0.44,deciduous,157.92067636146905,842.2436072611682,218.0823628815483
672,34293,26644037,363129.27,175522.07,Fraxinus excelsior,Ash,Common ash,Fraxinus excelsior,0.35,deciduous,104.5047743705082,557.3587966427103,214.32026922343724
673,34294,26644038,363124.75,175521.33,Fraxinus excelsior,Ash,Common ash,Fraxinus excelsior,0.32,deciduous,88.4829550649067,471.9090936795024,210.278699349225
674,34295,26644039,363123.16,175523.23,Fraxinus excelsior,Ash,Common ash,Fraxinus excelsior,0.25,deciduous,55.40509910209366,295.49386187783284,208.15931038507142
675,34296,26644040,363132.64,175522.0,Ginkgo biloba,Gingko,Maidenhair tree,Ginkgo biloba,0.06,deciduous,2.8045902645908924,2.90410473160206,217.5410067090933
676,34297,26644041,363127.78,175522.06,Ginkgo biloba,Gingko,Maidenhair tree,Ginkgo biloba,0.06,deciduous,2.8045902645908924,2.90410473160206,212.9108076167379
677,34298,26644042,363111.26,175519.92,Ginkgo biloba,Gingko,Maidenhair tree,Ginkgo biloba,0.06,deciduous,2.8045902645908924,2.90410473160206,198.07189098910945
678,34299,26644043,363099.58,175516.71,Ginkgo biloba,Gingko,Maidenhair tree,Ginkgo biloba,0.06,deciduous,2.8045902645908924,2.90410473160206,188.41825946549568
679,34306,26644050,363145.29,175517.4,Quercus robur,Oak,English oak,Quercus robur,0.15,deciduous,10.0,26.666666666666664,230.9953767935446
680,34307,26644051,363161.28,175516.91,Quercus robur,Oak,English oak,Quercus robur,0.15,deciduous,10.0,26.666666666666664,246.37131833882904
681,34308,26644052,363207.06,175521.37,Quercus robur,Oak,English oak,Quercus robur,0.15,deciduous,10.0,26.666666666666664,289.31781918851686
682,34330,26644074,363177.23,175527.07,Tilia - Species Unknown,Lime,Unidentified lime,Tilia - Species Unknown,0.4169710075284318,deciduous,112.41959917091911,374.731997236397,258.991694461405
683,34331,26644075,363153.53,175524.9,Prunus - Species Unknown,Cherry,Unidentified cherry,Prunus - Species Unknown,0.214763121226196,deciduous,42.83990504852654,285.5993669901769,236.65990556072964
684,34332,26644076,363171.26,175527.33,Tilia - Species Unknown,Lime,Unidentified lime,Tilia - Species Unknown,0.4169710075284318,deciduous,112.41959917091911,374.731997236397,253.14027040359693
685,34333,26644077,363176.77,175518.69,Quercus robur,Oak,English oak,Quercus robur,0.15,deciduous,10.0,26.666666666666664,260.7119272300541
686,34334,26644078,363195.74,175520.68,Quercus robur,Oak,English oak,Quercus robur,0.15,deciduous,10.0,26.666666666666664,278.5048114485564
1206,46700,26656542,362697.13,175554.12,Sambucus nigra,Elder,,Sambucus nigra,0.2,deciduous,30.54463220513983,101.81544068379942,231.66538649526
1321,50729,26660635,363017.87,175517.47,Prunus - Species Unknown,Cherry,Unidentified cherry,Prunus - Species Unknown,0.14,deciduous,60.05,280.2333333333333,117.04997992310369
1322,50739,26660645,363049.83,175516.72,Betula - Species Unknown,Birch,Birch species,Betula - Species Unknown,0.16,deciduous,60.05,240.2,143.88824587159252
1323,50740,26660646,363041.16,175513.76,Malus - Species Unknown,Apple,Unidentified apple,Malus - Species Unknown,0.1,deciduous,10.0,26.666666666666664,138.1099677792761
1324,50741,26660647,363019.63,175505.85,Prunus - Species Unknown,Cherry,Unidentified cherry,Prunus - Species Unknown,0.12,deciduous,10.0,33.33333333333333,125.88804311768409
1325,50742,26660648,363019.05,175510.81,Prunus - Species Unknown,Cherry,Unidentified cherry,Prunus - Species Unknown,0.18,deciduous,60.05,240.2,122.18575448880365
1326,50743,26660649,363018.52,175513.77,Prunus - Species Unknown,Cherry,Unidentified cherry,Prunus - Species Unknown,0.15,deciduous,60.05,240.2,119.87895269814899
1327,50745,26660651,363017.49,175520.66,Prunus - Species Unknown,Cherry,Unidentified cherry,Prunus - Species Unknown,0.18,deciduous,60.05,320.26666666666665,114.79745511115571
1328,50746,26660652,363015.95,175525.2,Malus - Species Unknown,Apple,Unidentified apple,Malus - Species Unknown,0.1,deciduous,10.0,26.666666666666664,110.86046409789463
1329,50747,26660653,363019.38,175525.69,Prunus - Species Unknown,Cherry,Unidentified cherry,Prunus - Species Unknown,0.2,deciduous,60.05,240.2,113.38254054306849
1330,50748,26660654,363020.26,175521.58,Malus - Species Unknown,Apple,Unidentified apple,Malus - Species Unknown,0.13,deciduous,60.05,240.2,116.47422032365577
1331,50782,26660688,363027.46,175532.48,Salix - Species Unknown,Willow,Unidentified willow,Salix - Species Unknown,0.4526645768025079,deciduous,117.91065159854554,707.4639095912731,116.63053631019213
